{ "1": {"Name": "Factual Places", "Parent": "0"}
, "2": {"Name": "Automotive", "Parent": "1"}
, "3": {"Name": "Car Appraisers", "Parent": "2"}
, "4": {"Name": "Car Dealers and Leasing", "Parent": "2"}
, "5": {"Name": "Used Cars", "Parent": "4"}
, "6": {"Name": "Car Parts and Accessories", "Parent": "2"}
, "7": {"Name": "Car Wash and Detail", "Parent": "2"}
, "8": {"Name": "Classic and Antique Car", "Parent": "2"}
, "9": {"Name": "Maintenance and Repair", "Parent": "2"}
, "10": {"Name": "Oil and Lube", "Parent": "9"}
, "11": {"Name": "Smog Check", "Parent": "9"}
, "12": {"Name": "Tires", "Parent": "9"}
, "13": {"Name": "Transmissions", "Parent": "9"}
, "14": {"Name": "Motorcycles, Mopeds and Scooters", "Parent": "2"}
, "15": {"Name": "Repair", "Parent": "14"}
, "16": {"Name": "Sales", "Parent": "14"}
, "17": {"Name": "RVs and Motor Homes", "Parent": "2"}
, "18": {"Name": "Salvage Yards", "Parent": "2"}
, "19": {"Name": "Towing", "Parent": "2"}
, "20": {"Name": "Community and Government", "Parent": "1"}
, "21": {"Name": "Animal Shelters and Humane Societies", "Parent": "20"}
, "22": {"Name": "Cemeteries", "Parent": "20"}
, "23": {"Name": "Day Care and Preschools", "Parent": "20"}
, "24": {"Name": "Disabled Persons Services", "Parent": "20"}
, "25": {"Name": "Drug and Alcohol Services", "Parent": "20"}
, "26": {"Name": "Education", "Parent": "20"}
, "27": {"Name": "Adult Education", "Parent": "26"}
, "28": {"Name": "Art Lessons and Schools", "Parent": "26"}
, "29": {"Name": "Colleges and Universities", "Parent": "26"}
, "30": {"Name": "Computer Training", "Parent": "26"}
, "31": {"Name": "Culinary Lessons and Schools", "Parent": "26"}
, "32": {"Name": "Driving Schools", "Parent": "26"}
, "33": {"Name": "Fraternities and Sororities", "Parent": "26"}
, "34": {"Name": "Primary and Secondary Schools", "Parent": "26"}
, "35": {"Name": "Tutoring and Educational Services", "Parent": "26"}
, "36": {"Name": "Vocational Schools", "Parent": "26"}
, "37": {"Name": "Government Departments and Agencies", "Parent": "20"}
, "38": {"Name": "Government Lobbyists", "Parent": "20"}
, "39": {"Name": "Housing Assistance and Shelters", "Parent": "20"}
, "40": {"Name": "Law Enforcement and Public Safety", "Parent": "20"}
, "41": {"Name": "Rescue Services", "Parent": "40"}
, "42": {"Name": "Fire Stations", "Parent": "40"}
, "43": {"Name": "Police Stations", "Parent": "40"}
, "44": {"Name": "Libraries", "Parent": "20"}
, "45": {"Name": "Military", "Parent": "20"}
, "46": {"Name": "Bases", "Parent": "45"}
, "47": {"Name": "Organizations and Associations", "Parent": "20"}
, "48": {"Name": "Charities and Non-Profits", "Parent": "47"}
, "49": {"Name": "Environmental", "Parent": "47"}
, "50": {"Name": "Youth Organizations", "Parent": "47"}
, "51": {"Name": "Post Offices", "Parent": "20"}
, "52": {"Name": "Public and Social Services", "Parent": "20"}
, "53": {"Name": "Religious", "Parent": "20"}
, "54": {"Name": "Buddhist Temples", "Parent": "53"}
, "55": {"Name": "Churches", "Parent": "53"}
, "56": {"Name": "Hindu Temples", "Parent": "53"}
, "57": {"Name": "Mosques", "Parent": "53"}
, "58": {"Name": "Synagogues", "Parent": "53"}
, "59": {"Name": "Senior Citizen Services", "Parent": "20"}
, "60": {"Name": "Retirement", "Parent": "59"}
, "61": {"Name": "Utility Companies", "Parent": "20"}
, "62": {"Name": "Healthcare", "Parent": "1"}
, "63": {"Name": "AIDS Resources", "Parent": "62"}
, "64": {"Name": "Assisted Living Services", "Parent": "62"}
, "65": {"Name": "Caretakers", "Parent": "64"}
, "66": {"Name": "Facilities and Nursing Homes", "Parent": "64"}
, "67": {"Name": "Blood Banks and Centers", "Parent": "62"}
, "68": {"Name": "Chiropractors", "Parent": "62"}
, "69": {"Name": "Dentists", "Parent": "62"}
, "70": {"Name": "Emergency Services", "Parent": "62"}
, "71": {"Name": "Ambulance", "Parent": "70"}
, "72": {"Name": "Holistic, Alternative and Naturopathic Medicine", "Parent": "62"}
, "73": {"Name": "Acupuncture", "Parent": "72"}
, "74": {"Name": "Hospitals, Clinics and Medical Centers", "Parent": "62"}
, "75": {"Name": "Medical Supplies and Labs", "Parent": "62"}
, "76": {"Name": "Mental Health", "Parent": "62"}
, "77": {"Name": "Counseling and Therapy", "Parent": "76"}
, "78": {"Name": "Psychologists", "Parent": "76"}
, "79": {"Name": "Nurses", "Parent": "62"}
, "80": {"Name": "Pharmacies", "Parent": "62"}
, "81": {"Name": "Physical Therapy and Rehabilitation", "Parent": "62"}
, "82": {"Name": "Sports Medicine", "Parent": "81"}
, "83": {"Name": "Physicians", "Parent": "62"}
, "84": {"Name": "Anesthesiologists", "Parent": "83"}
, "85": {"Name": "Cardiologists", "Parent": "83"}
, "86": {"Name": "Dermatologists", "Parent": "83"}
, "87": {"Name": "Ear, Nose and Throat", "Parent": "83"}
, "88": {"Name": "Family Medicine", "Parent": "83"}
, "89": {"Name": "Gastroenterologists", "Parent": "83"}
, "90": {"Name": "General Surgery", "Parent": "83"}
, "91": {"Name": "Internal Medicine", "Parent": "83"}
, "92": {"Name": "Neurologists", "Parent": "83"}
, "93": {"Name": "Obstetricians and Gynecologists", "Parent": "83"}
, "94": {"Name": "Oncologists", "Parent": "83"}
, "95": {"Name": "Ophthalmologists", "Parent": "83"}
, "96": {"Name": "Orthopedic Surgeons", "Parent": "83"}
, "97": {"Name": "Pathologists", "Parent": "83"}
, "98": {"Name": "Pediatricians", "Parent": "83"}
, "99": {"Name": "Plastic Surgeons", "Parent": "83"}
, "100": {"Name": "Psychiatrists", "Parent": "83"}
, "101": {"Name": "Radiologists", "Parent": "83"}
, "102": {"Name": "Respiratory", "Parent": "83"}
, "103": {"Name": "Urologists", "Parent": "83"}
, "104": {"Name": "Podiatrists", "Parent": "62"}
, "105": {"Name": "Pregnancy and Sexual Health", "Parent": "62"}
, "106": {"Name": "Weight Loss and Nutritionists", "Parent": "62"}
, "107": {"Name": "Landmarks", "Parent": "1"}
, "108": {"Name": "Buildings and Structures", "Parent": "107"}
, "109": {"Name": "Gardens", "Parent": "107"}
, "110": {"Name": "Historic and Protected Sites", "Parent": "107"}
, "111": {"Name": "Monuments and Memorials", "Parent": "107"}
, "112": {"Name": "Natural", "Parent": "107"}
, "113": {"Name": "Beaches", "Parent": "112"}
, "114": {"Name": "Mountains", "Parent": "112"}
, "115": {"Name": "Forests", "Parent": "112"}
, "116": {"Name": "Lakes", "Parent": "112"}
, "117": {"Name": "Rivers", "Parent": "112"}
, "118": {"Name": "Parks", "Parent": "107"}
, "119": {"Name": "Natural Parks", "Parent": "118"}
, "120": {"Name": "Picnic Areas", "Parent": "118"}
, "121": {"Name": "Playgrounds", "Parent": "118"}
, "122": {"Name": "Urban Parks", "Parent": "118"}
, "123": {"Name": "Retail", "Parent": "1"}
, "124": {"Name": "Adult", "Parent": "123"}
, "125": {"Name": "Antiques", "Parent": "123"}
, "126": {"Name": "Arts and Crafts", "Parent": "123"}
, "127": {"Name": "Auctions", "Parent": "123"}
, "128": {"Name": "Beauty Products", "Parent": "123"}
, "129": {"Name": "Bicycles", "Parent": "123"}
, "130": {"Name": "Bookstores", "Parent": "123"}
, "131": {"Name": "Cards and Stationery", "Parent": "123"}
, "132": {"Name": "Children", "Parent": "123"}
, "133": {"Name": "Computers and Electronics", "Parent": "123"}
, "134": {"Name": "Cameras", "Parent": "133"}
, "135": {"Name": "Mobile Phones", "Parent": "133"}
, "136": {"Name": "Video Games", "Parent": "133"}
, "137": {"Name": "Construction Supplies", "Parent": "123"}
, "138": {"Name": "Convenience Stores", "Parent": "123"}
, "139": {"Name": "Costumes", "Parent": "123"}
, "140": {"Name": "Dance and Music", "Parent": "123"}
, "141": {"Name": "Department Stores", "Parent": "123"}
, "142": {"Name": "Fashion", "Parent": "123"}
, "143": {"Name": "Clothing and Accessories", "Parent": "142"}
, "144": {"Name": "Jewelry and Watches", "Parent": "142"}
, "145": {"Name": "Shoes", "Parent": "142"}
, "146": {"Name": "Swimwear", "Parent": "142"}
, "147": {"Name": "Flea Markets", "Parent": "123"}
, "148": {"Name": "Florists", "Parent": "123"}
, "149": {"Name": "Food and Beverage", "Parent": "123"}
, "150": {"Name": "Beer, Wine and Spirits", "Parent": "149"}
, "151": {"Name": "Candy Stores", "Parent": "149"}
, "152": {"Name": "Cheese", "Parent": "149"}
, "153": {"Name": "Chocolate", "Parent": "149"}
, "154": {"Name": "Farmers' Markets", "Parent": "149"}
, "155": {"Name": "Health and Diet Food", "Parent": "149"}
, "156": {"Name": "Kosher", "Parent": "149"}
, "157": {"Name": "Furniture and Decor", "Parent": "123"}
, "158": {"Name": "Gift and Novelty", "Parent": "123"}
, "159": {"Name": "Glasses and Optometrist", "Parent": "123"}
, "160": {"Name": "Hobby and Collectibles", "Parent": "123"}
, "161": {"Name": "Luggage", "Parent": "123"}
, "162": {"Name": "Music, Video and DVD", "Parent": "123"}
, "163": {"Name": "Newsstands", "Parent": "123"}
, "164": {"Name": "Nurseries and Garden Centers", "Parent": "123"}
, "165": {"Name": "Outlet", "Parent": "123"}
, "166": {"Name": "Pawn Shops", "Parent": "123"}
, "167": {"Name": "Pets", "Parent": "123"}
, "168": {"Name": "Photos and Frames", "Parent": "123"}
, "169": {"Name": "Shopping Centers and Malls", "Parent": "123"}
, "170": {"Name": "Sporting Goods", "Parent": "123"}
, "171": {"Name": "Supermarkets and Groceries", "Parent": "123"}
, "172": {"Name": "Tobacco", "Parent": "123"}
, "173": {"Name": "Toys", "Parent": "123"}
, "174": {"Name": "Vintage and Thrift", "Parent": "123"}
, "175": {"Name": "Warehouses and Wholesale Stores", "Parent": "123"}
, "176": {"Name": "Wedding and Bridal", "Parent": "123"}
, "177": {"Name": "Businesses and Services", "Parent": "1"}
, "178": {"Name": "Business and Strategy Consulting", "Parent": "177"}
, "179": {"Name": "Industrial Machinery and Vehicles", "Parent": "177"}
, "180": {"Name": "Logging and Sawmills", "Parent": "177"}
, "181": {"Name": "Metals", "Parent": "177"}
, "182": {"Name": "Packaging", "Parent": "177"}
, "183": {"Name": "Petroleum", "Parent": "177"}
, "184": {"Name": "Plastics", "Parent": "177"}
, "185": {"Name": "Refrigeration and Ice", "Parent": "177"}
, "186": {"Name": "Rubber", "Parent": "177"}
, "187": {"Name": "Scientific", "Parent": "177"}
, "188": {"Name": "Security and Safety", "Parent": "177"}
, "189": {"Name": "Telecommunication Services", "Parent": "177"}
, "190": {"Name": "Textiles", "Parent": "177"}
, "191": {"Name": "Water and Waste Management", "Parent": "177"}
, "192": {"Name": "Welding", "Parent": "177"}
, "193": {"Name": "Advertising and Marketing", "Parent": "177"}
, "194": {"Name": "Advertising Agencies and Media Buyers", "Parent": "193"}
, "195": {"Name": "Creative Services", "Parent": "193"}
, "196": {"Name": "Direct Mail and Email Marketing Services", "Parent": "193"}
, "197": {"Name": "Market Research and Consulting", "Parent": "193"}
, "198": {"Name": "Online Advertising", "Parent": "193"}
, "199": {"Name": "Print, TV, Radio and Outdoor Advertising", "Parent": "193"}
, "200": {"Name": "Promotional Items", "Parent": "193"}
, "201": {"Name": "Public Relations", "Parent": "193"}
, "202": {"Name": "Search Engine Marketing and Optimization", "Parent": "193"}
, "203": {"Name": "Writing, Copywriting and Technical Writing", "Parent": "193"}
, "204": {"Name": "Agriculture and Forestry", "Parent": "177"}
, "205": {"Name": "Art Restoration", "Parent": "177"}
, "206": {"Name": "Audiovisual", "Parent": "177"}
, "207": {"Name": "Automation and Control Systems", "Parent": "177"}
, "208": {"Name": "Chemicals and Gasses", "Parent": "177"}
, "209": {"Name": "Computers", "Parent": "177"}
, "210": {"Name": "Corporate HQ", "Parent": "177"}
, "211": {"Name": "Electrical Equipment", "Parent": "177"}
, "212": {"Name": "Employment Agencies", "Parent": "177"}
, "213": {"Name": "Engineering", "Parent": "177"}
, "214": {"Name": "Entertainment", "Parent": "177"}
, "215": {"Name": "Media", "Parent": "214"}
, "216": {"Name": "Equipment Rental", "Parent": "177"}
, "217": {"Name": "Events and Event Planning", "Parent": "177"}
, "218": {"Name": "ATMs", "Parent": "221"}
, "219": {"Name": "Financial", "Parent": "177"}
, "220": {"Name": "Accounting and Bookkeeping", "Parent": "219"}
, "221": {"Name": "Banking and Finance", "Parent": "219"}
, "222": {"Name": "Business Brokers and Franchises", "Parent": "219"}
, "223": {"Name": "Check Cashing", "Parent": "219"}
, "224": {"Name": "Collections", "Parent": "219"}
, "225": {"Name": "Financial Planning and Investments", "Parent": "219"}
, "226": {"Name": "Fund Raising", "Parent": "219"}
, "227": {"Name": "Loans and Mortgages", "Parent": "219"}
, "228": {"Name": "Stock Brokers", "Parent": "219"}
, "229": {"Name": "Student Aid and Grants", "Parent": "219"}
, "230": {"Name": "Food and Beverage", "Parent": "177"}
, "231": {"Name": "Catering", "Parent": "230"}
, "232": {"Name": "Distribution", "Parent": "230"}
, "233": {"Name": "Funeral Services", "Parent": "177"}
, "234": {"Name": "Geological", "Parent": "177"}
, "235": {"Name": "Home Improvement", "Parent": "177"}
, "236": {"Name": "Architects", "Parent": "235"}
, "237": {"Name": "Carpenters", "Parent": "235"}
, "238": {"Name": "Carpet and Flooring", "Parent": "235"}
, "239": {"Name": "Contractors", "Parent": "235"}
, "240": {"Name": "Bathrooms", "Parent": "239"}
, "241": {"Name": "Deck and Patio", "Parent": "239"}
, "242": {"Name": "Sewer", "Parent": "239"}
, "243": {"Name": "Doors and Windows", "Parent": "235"}
, "244": {"Name": "Electricians", "Parent": "235"}
, "245": {"Name": "Fences, Fireplaces and Garage Doors", "Parent": "235"}
, "246": {"Name": "Hardware and Services", "Parent": "235"}
, "247": {"Name": "Heating, Ventilating and Air Conditioning", "Parent": "235"}
, "248": {"Name": "Home Appliances", "Parent": "123"}
, "249": {"Name": "Home Inspection Services", "Parent": "235"}
, "250": {"Name": "Housewares", "Parent": "123"}
, "251": {"Name": "Interior Design", "Parent": "235"}
, "252": {"Name": "Kitchens", "Parent": "235"}
, "253": {"Name": "Landscaping and Gardeners", "Parent": "235"}
, "254": {"Name": "Lighting Fixtures", "Parent": "235"}
, "255": {"Name": "Mobile Homes", "Parent": "291"}
, "256": {"Name": "Movers", "Parent": "235"}
, "257": {"Name": "Painting", "Parent": "235"}
, "258": {"Name": "Pest Control", "Parent": "235"}
, "259": {"Name": "Plumbing", "Parent": "235"}
, "260": {"Name": "Pools and Spas", "Parent": "235"}
, "261": {"Name": "Roofers", "Parent": "235"}
, "262": {"Name": "Storage", "Parent": "177"}
, "263": {"Name": "Swimming Pool Maintenance and Services", "Parent": "235"}
, "264": {"Name": "Tree Service", "Parent": "235"}
, "265": {"Name": "Upholstery", "Parent": "235"}
, "266": {"Name": "Human Resources", "Parent": "177"}
, "267": {"Name": "Import and Export", "Parent": "177"}
, "268": {"Name": "Leather", "Parent": "177"}
, "269": {"Name": "Legal", "Parent": "177"}
, "270": {"Name": "Credit Counseling and Bankruptcy Services", "Parent": "269"}
, "271": {"Name": "Immigration", "Parent": "269"}
, "272": {"Name": "Insurance", "Parent": "177"}
, "273": {"Name": "Machine Shops", "Parent": "177"}
, "274": {"Name": "Management", "Parent": "177"}
, "275": {"Name": "Manufacturing", "Parent": "177"}
, "276": {"Name": "Paper", "Parent": "177"}
, "277": {"Name": "Personal Care", "Parent": "177"}
, "278": {"Name": "Dry Cleaning, Ironing and Laundry", "Parent": "277"}
, "279": {"Name": "Hair Removal", "Parent": "277"}
, "280": {"Name": "Beauty Salons and Barbers", "Parent": "277"}
, "281": {"Name": "Manicures and Pedicures", "Parent": "277"}
, "282": {"Name": "Massage Clinics and Therapists", "Parent": "277"}
, "283": {"Name": "Piercing", "Parent": "277"}
, "284": {"Name": "Skin Care", "Parent": "277"}
, "285": {"Name": "Spas", "Parent": "277"}
, "286": {"Name": "Tanning Salons", "Parent": "277"}
, "287": {"Name": "Tattooing", "Parent": "277"}
, "288": {"Name": "Printing, Copying and Signage", "Parent": "177"}
, "289": {"Name": "Professional Cleaning", "Parent": "177"}
, "290": {"Name": "Publishing", "Parent": "177"}
, "291": {"Name": "Real Estate", "Parent": "177"}
, "292": {"Name": "Property Management", "Parent": "291"}
, "293": {"Name": "Real Estate Agents", "Parent": "291"}
, "294": {"Name": "Real Estate Appraiser", "Parent": "291"}
, "295": {"Name": "Real Estate Development and Title Companies", "Parent": "291"}
, "296": {"Name": "Apartments, Condos, and Houses", "Parent": "291"}
, "297": {"Name": "Boarding Houses", "Parent": "291"}
, "298": {"Name": "Building and Land Surveyors", "Parent": "291"}
, "299": {"Name": "Commercial Real Estate", "Parent": "291"}
, "300": {"Name": "Corporate Housing", "Parent": "291"}
, "301": {"Name": "Renewable Energy", "Parent": "177"}
, "302": {"Name": "Repair Services", "Parent": "177"}
, "303": {"Name": "Shipping, Freight, and Material Transportation", "Parent": "177"}
, "304": {"Name": "Tailors", "Parent": "177"}
, "305": {"Name": "Veterinarians", "Parent": "177"}
, "306": {"Name": "Web Design and Development", "Parent": "177"}
, "307": {"Name": "Wholesale", "Parent": "177"}
, "308": {"Name": "Social", "Parent": "1"}
, "309": {"Name": "Arts", "Parent": "308"}
, "310": {"Name": "Art Dealers and Galleries", "Parent": "309"}
, "311": {"Name": "Museums", "Parent": "309"}
, "312": {"Name": "Bars", "Parent": "308"}
, "313": {"Name": "Hotel Lounges", "Parent": "312"}
, "314": {"Name": "Jazz and Blues Cafes", "Parent": "312"}
, "315": {"Name": "Sports Bars", "Parent": "312"}
, "316": {"Name": "Wine Bars", "Parent": "312"}
, "317": {"Name": "Entertainment", "Parent": "308"}
, "318": {"Name": "Adult", "Parent": "317"}
, "319": {"Name": "Arcades and Amusement Parks", "Parent": "317"}
, "320": {"Name": "Billiard and Pool", "Parent": "317"}
, "321": {"Name": "Bingo", "Parent": "317"}
, "322": {"Name": "Bowling", "Parent": "317"}
, "323": {"Name": "Carnivals", "Parent": "317"}
, "324": {"Name": "Casinos and Gaming", "Parent": "317"}
, "325": {"Name": "Circuses", "Parent": "317"}
, "326": {"Name": "Dance Halls and Saloons", "Parent": "317"}
, "327": {"Name": "Fairgrounds and Rodeos", "Parent": "317"}
, "328": {"Name": "Go Carts", "Parent": "317"}
, "329": {"Name": "Hookah Lounges", "Parent": "317"}
, "330": {"Name": "Karaoke", "Parent": "317"}
, "331": {"Name": "Miniature Golf", "Parent": "317"}
, "332": {"Name": "Movie Theatres", "Parent": "317"}
, "333": {"Name": "Music and Show Venues", "Parent": "317"}
, "334": {"Name": "Night Clubs", "Parent": "317"}
, "335": {"Name": "Party Centers", "Parent": "317"}
, "336": {"Name": "Psychics and Astrologers", "Parent": "317"}
, "337": {"Name": "Ticket Sales", "Parent": "317"}
, "338": {"Name": "Food and Dining", "Parent": "308"}
, "339": {"Name": "Bagels and Donuts", "Parent": "338"}
, "340": {"Name": "Bakeries", "Parent": "338"}
, "341": {"Name": "Breweries", "Parent": "338"}
, "342": {"Name": "Cafes, Coffee and Tea Houses", "Parent": "338"}
, "343": {"Name": "Dessert", "Parent": "338"}
, "344": {"Name": "Ice Cream Parlors", "Parent": "338"}
, "345": {"Name": "Internet Cafes", "Parent": "338"}
, "346": {"Name": "Juice Bars and Smoothies", "Parent": "338"}
, "347": {"Name": "Restaurants", "Parent": "338"}
, "348": {"Name": "American", "Parent": "347"}
, "349": {"Name": "Barbecue", "Parent": "347"}
, "350": {"Name": "Buffets", "Parent": "347"}
, "351": {"Name": "Burgers", "Parent": "347"}
, "352": {"Name": "Chinese", "Parent": "347"}
, "353": {"Name": "Delis", "Parent": "347"}
, "354": {"Name": "Diners", "Parent": "347"}
, "355": {"Name": "Fast Food", "Parent": "347"}
, "356": {"Name": "French", "Parent": "347"}
, "357": {"Name": "Indian", "Parent": "347"}
, "358": {"Name": "Italian", "Parent": "347"}
, "359": {"Name": "Japanese", "Parent": "347"}
, "360": {"Name": "Korean", "Parent": "347"}
, "361": {"Name": "Mexican", "Parent": "347"}
, "362": {"Name": "Middle Eastern", "Parent": "347"}
, "363": {"Name": "Pizza", "Parent": "347"}
, "364": {"Name": "Seafood", "Parent": "347"}
, "365": {"Name": "Steakhouses", "Parent": "347"}
, "366": {"Name": "Sushi", "Parent": "347"}
, "367": {"Name": "Thai", "Parent": "347"}
, "368": {"Name": "Vegan and Vegetarian", "Parent": "347"}
, "369": {"Name": "Social Clubs", "Parent": "308"}
, "370": {"Name": "Wineries and Vineyards", "Parent": "308"}
, "371": {"Name": "Zoos, Aquariums and Wildlife Sanctuaries", "Parent": "308"}
, "372": {"Name": "Sports and Recreation", "Parent": "1"}
, "373": {"Name": "Athletic Fields", "Parent": "372"}
, "374": {"Name": "Baseball", "Parent": "372"}
, "375": {"Name": "Batting Ranges", "Parent": "374"}
, "376": {"Name": "Basketball", "Parent": "372"}
, "377": {"Name": "Combat Sports", "Parent": "372"}
, "378": {"Name": "Cycling", "Parent": "372"}
, "379": {"Name": "Dance", "Parent": "372"}
, "380": {"Name": "Equestrian", "Parent": "372"}
, "381": {"Name": "Football", "Parent": "372"}
, "382": {"Name": "Golf", "Parent": "372"}
, "383": {"Name": "Gun Ranges", "Parent": "372"}
, "384": {"Name": "Gymnastics", "Parent": "372"}
, "385": {"Name": "Gyms and Fitness Centers", "Parent": "372"}
, "386": {"Name": "Hockey", "Parent": "372"}
, "387": {"Name": "Outdoors", "Parent": "372"}
, "388": {"Name": "Campgrounds and RV Parks", "Parent": "387"}
, "389": {"Name": "Hiking", "Parent": "387"}
, "390": {"Name": "Hot Air Balloons", "Parent": "387"}
, "391": {"Name": "Hunting and Fishing", "Parent": "387"}
, "392": {"Name": "Rock Climbing", "Parent": "387"}
, "393": {"Name": "Skydiving", "Parent": "387"}
, "394": {"Name": "Paintball", "Parent": "372"}
, "395": {"Name": "Personal Trainers", "Parent": "372"}
, "396": {"Name": "Race Tracks", "Parent": "372"}
, "397": {"Name": "Racquet Sports", "Parent": "372"}
, "398": {"Name": "Racquetball", "Parent": "397"}
, "399": {"Name": "Tennis", "Parent": "397"}
, "400": {"Name": "Recreation Centers", "Parent": "372"}
, "401": {"Name": "Running", "Parent": "372"}
, "402": {"Name": "Skating", "Parent": "372"}
, "403": {"Name": "Snow Sports", "Parent": "372"}
, "404": {"Name": "Soccer", "Parent": "372"}
, "405": {"Name": "Sports Clubs", "Parent": "372"}
, "406": {"Name": "Stadiums and Arenas", "Parent": "372"}
, "407": {"Name": "Swimming Pools", "Parent": "372"}
, "408": {"Name": "Water Sports", "Parent": "372"}
, "409": {"Name": "Boating", "Parent": "408"}
, "410": {"Name": "Canoes and Kayaks", "Parent": "408"}
, "411": {"Name": "Rafting", "Parent": "408"}
, "412": {"Name": "Scuba Diving", "Parent": "408"}
, "413": {"Name": "Swimming", "Parent": "408"}
, "414": {"Name": "Yoga and Pilates", "Parent": "372"}
, "415": {"Name": "Transportation", "Parent": "1"}
, "416": {"Name": "Airlines and Aviation Services", "Parent": "415"}
, "417": {"Name": "Gas Stations", "Parent": "415"}
, "418": {"Name": "Parking", "Parent": "415"}
, "419": {"Name": "Public Transportation Services", "Parent": "415"}
, "420": {"Name": "Taxi and Car Services", "Parent": "415"}
, "421": {"Name": "Car and Truck Rentals", "Parent": "420"}
, "422": {"Name": "Charter Buses", "Parent": "420"}
, "423": {"Name": "Limos and Chauffeurs", "Parent": "420"}
, "424": {"Name": "Transport Hubs", "Parent": "415"}
, "425": {"Name": "Airports", "Parent": "424"}
, "426": {"Name": "Bus Stations", "Parent": "424"}
, "427": {"Name": "Heliports", "Parent": "424"}
, "428": {"Name": "Ports", "Parent": "424"}
, "429": {"Name": "Rail Stations", "Parent": "424"}
, "430": {"Name": "Travel", "Parent": "1"}
, "431": {"Name": "Cruises", "Parent": "430"}
, "432": {"Name": "Lodging", "Parent": "430"}
, "433": {"Name": "Bed and Breakfasts", "Parent": "432"}
, "434": {"Name": "Cottages and Cabins", "Parent": "432"}
, "435": {"Name": "Hostels", "Parent": "432"}
, "436": {"Name": "Hotels and Motels", "Parent": "432"}
, "437": {"Name": "Lodges and Vacation Rentals", "Parent": "432"}
, "438": {"Name": "Resorts", "Parent": "432"}
, "439": {"Name": "Tourist Information and Services", "Parent": "430"}
, "440": {"Name": "Travel Agents and Tour Operators", "Parent": "430"}
, "441": {"Name": "Geriatrics", "Parent": "83"}
, "442": {"Name": "Discount Stores", "Parent": "123"}
, "443": {"Name": "Meat and Seafood", "Parent": "149"}
, "444": {"Name": "Office Supplies", "Parent": "123"}
, "445": {"Name": "Party Supplies", "Parent": "123"}
, "446": {"Name": "Career Counseling", "Parent": "177"}
, "447": {"Name": "Construction", "Parent": "177"}
, "448": {"Name": "Notary", "Parent": "269"}
, "449": {"Name": "Photography", "Parent": "177"}
, "450": {"Name": "Translation Services", "Parent": "177"}
, "451": {"Name": "Golf Courses", "Parent": "382"}
, "452": {"Name": "Surfing", "Parent": "408"}
, "453": {"Name": "Embassies", "Parent": "37"}
, "454": {"Name": "Infrastructure", "Parent": "460"}
, "455": {"Name": "Mobile", "Parent": "460"}
, "456": {"Name": "Advertising", "Parent": "460"}
, "457": {"Name": "Asian", "Parent": "347"}
, "458": {"Name": "Food Trucks", "Parent": "347"}
, "459": {"Name": "Rest Areas", "Parent": "415"}
, "460": {"Name": "Technology", "Parent": "177"}
}